Playa Mesa del Mar enTacoronte,Norte,(28.505165965471978, -16.422886848449707),38350,Mesa del Mar,Oficina de Turismo 922 57 00 15,Oficina de Turismo 922 57 00 15,http://www.tacoronte.es,,,2014-06-12 09:35:48,Cerrado Temporal,costa del municipio de Tacoronte,,,,Playas,Naturaleza y Monumentos,turismo@aytotacoronte.org,Tacoronte,,Accesibilidad,,,Si,No,No,Si,,Gris,Moderado,Si,Si,Bajo,Bajo,,,Linea TITSA 021. Salida desde la estación de guaguas de Tacoronte.,,
Barrio pesquero El Pris enTacoronte,Norte,(28.51012509426835, -16.421384811401367),38350,El Pris,Oficina de Información y Turismo 922 57 00 15. Centro de Información Patrimonial de Agua García 922 58 45 60,Oficina de Información y Turismo 922 57 00 15. Centro de Información Patrimonial de Agua García 922 58 45 60,http://www.tacoronte.es,,,2014-06-12 09:32:07,Abierto,,Barrio pesquero con playa indicada para el baño y piscina natural.,,,Playas,Naturaleza y Monumentos,turismo@aytotacoronte.org,Tacoronte,,,,,No,No,No,No,,Gris,Moderado,Si,Si,Bajo,Bajo,,,Línea TITSA 023. Salida desde Estación de guaguas de Tacoronte.,,
Playa de La Arena,Sur,(28.35394230526438, -16.369667172257323),38530,Avenida de la Constitución,922 50 08 00,922 50 00 08,http://www.candelaria.es,,,2011-05-25 12:52:00,Abierto,,"Playa que se extiende de forma longitudinal 800 metros aproximadamente. Tiene arena negra fina que alterna en algunas zonas con grava o callaos de granulometría pequeña. Presenta un pequeño charco artificial realizado con piedras de la zona en su parte septentrional.  Otros: La zona más septentrional a diferencia del resto, tiene papeleras, cartel de prohibido perros, bandera de señalización y flotadores de salvamento. Está próxima a aparcamientos y zonas comerciales de ocio y restauración. ",,,Playas,Naturaleza y Monumentos,,Candelaria,"Adaptada (discapacitados),Arena,Callaos,Parking,Policia,Socorrismo,Teléfono,",Niños,,,,,,,,Negra,Moderado,,,Bajo,Bajo,800 metros,,"En guagua desde Santa Cruz las líneas 122, 123,124, 131, 120, 121",,
Playa de El Alcalde,Sur,(28.355906161591705, -16.36947637787671),38530,Avda. de la Constitución,922 50 08 00,922 50 00 08,http://www.candelaria.es,,,2011-05-25 15:48:24,Abierto,,"Descripción: Pequeña playa en forma de herradura, con escolleras en ambos extremos. La parte superior es de tierra, en la zona media presenta callaos de granulometría pequeña y, en la parte inferior, arena. Su longitud está en torno a los 30 metros. Cuenta con jardines en la parte superior. Dispone de papeleras. Está próxima a aparcamientos y a zonas comerciales, de ocio y restauración.  ",,,Playas,Naturaleza y Monumentos,,Candelaria,"Bar,Callaos,Parking,Policia,Restaurante,",Niños,,,,,,,,Negra,Moderado,,,Bajo,Bajo,30 metros,,"En Bus desde Santa Cruz líneas 122, 120, 121, 123, 124, 131. Desde el sur las guaguas paran en la autopista (111, 115, 116)",,
Playa El Pozo,Sur,(28.357643388829587, -16.368768274696777),38530,Avda. la Constitución,922 50 08 00,922 50 00 08,http://www.candelaria.es,,,2011-05-25 16:04:55,Abierto,,"Descripción: Playa de callaos de granulometría pequeña. De unos 12 metros de longitud, se encuentra inserta en el refugio pesquero.  Otros: Próxima a un puesto de salvamento marítimo de la Cruz Roja. Hay contenedores, un cartel de prohibidos perros y barcos varados. Existe una hornacina para la Virgen del Carmen. Se encuentra próxima a zonas de ocio y restauración. ",,,Playas,Naturaleza y Monumentos,,Candelaria,"Callaos,Restaurante,",Niños,,,,,,,,Negra,Tranquilo,,,Bajo,Bajo,12 metros,,,,
Playa La Hornilla,Sur,(28.360117000291282, -16.36694437256665),38530,"C/ La PIscina, Candelaria",922 50 08 00 ,922 50 00 08,http://www.candelaria.es,,,2011-05-25 16:13:39,,,"Descripción: Pequeño paseo marítimo con zonas aptas para el baño. Cuando hay bajamar aparece una pequeña playa de fina arena negra en la parte superior. Cuenta con varios puntos de acceso al agua.  Otros: Dispone de papeleras y contenedores de basura, así como de zonas ajardinadas ",,,Playas,Naturaleza y Monumentos,,Candelaria,"Arena,Callaos,",Niños,,,,,,,,Negra,Tranquilo,,,Bajo,Bajo,,,,,
Playa de Punta Larga,Sur,(28.368387129941308, -16.362084209831664),38530,"Avda. Marítima, Punta Larga",922 50 08 00,922 50 00 08,http://www.candelaria.es,,,2011-05-25 16:51:13,Abierto,,La nueva zona de baño de Punta Larga tiene rampas de entrada y una pasarela de madera que discurre en paralelo al paseo marítimo.,,,Playas,Naturaleza y Monumentos,,Candelaria,"Adaptada (discapacitados),Arena,Aseos,Bar,Callaos,Duchas,Restaurante,Socorrismo,",Niños,,,,,,,,Negra,Moderado,,,Bajo,Bajo,,,,,
Playa del Camisón,Sur,(28.0639452, -16.730575600000065),38660,Playa del Camisón. Playa de Las Américas,,,,,,2014-06-24 11:26:21,,," Ubicada en una de las zonas más transitadas de Playa de Las Américas, la Playa del Camisón brinda a sus bañistas sol y relax.  Localizada frente a complejos hoteleros de primer orden, esta playa se ha consolidado como una de las más importantes del municipio.  Bordeada por el paseo marítimo, dispone de todo tipo de servicios y comodidades para los turistas. En las cercanías se encuentra una agradable terraza donde se puede disfrutar relajadamente de cualquier aperitivo junto al mar. Por las inmediaciones del paseo marítimo se puede contemplar una panorámica inmejorable de la vecina isla de La Gomera. Longitud: 350 metros. Anchura: 40 metros. Grado de ocupación: Alto Ubicación física: En el centro de Playa de Las Américas, frente al paseo marítimo y complejos hoteleros de exclusividad.  Accesos a la playa: para peatones. Parking cercanos para vehículos. Proximidad al núcleo turístico: Sí. Tipo de playa: Artificial Condiciones de baño: Aguas tranquilas Morfología: Arena   Servicios prestados:   -Alquiler de Hamacas y sombrillas -Duchas / Lavapiés -Papeleras -Baños -Servicio de limpieza -Actividades acuáticas (Jetsky, motos acuáticas,  parascending, pedales, banana) -    Seguridad policial  Datos históricos:    De sus llanuras se extrajo la arena y el callao con que fabricar viviendas, acequias, charcas, etc., y de su litoral la piedra caliza que después se transformaría en cal en los hornos de la zona. En la Punta de El Camisón, a los pies de El Cabezo Grande existieron unas salinas hasta mediados de los años 80: las Salinas de El Gincho. Importante entorno donde recababan, para descansar, muchas aves migratorias y de las que se abastecían los pescadores para el salado y jareado del pescado. En este paraje, casi desértico, se llegó a plantar cereales, tomates y algodón y existieron salones para guardar las herramientas y la sal que se extraía de las salinas, y dos hornos de cal. Esta zona reunía las condiciones perfectas, según numerosas autoridades e instituciones, para la construcción del aeropuerto de Tenerife, pero, lo lejos que estaba Los Cristianos de la capital, la falta de carretera en condiciones y otras carencias hicieron que se frustrara el proyecto.   Oficina de Información Turística más cercana:  Oficina de Información Turística Playa de Las Américas Tel: 922 797 668  Oficina de Información Turística Playa de Las Vistas Tel: 922 787 011 ","Located in one of the busiest areas of Playa de Las Américas, Playa del Camisón provides sunbathers with sun and relaxation. This beach, found opposite first class hotel resorts, has emerged as one of the most important in this municipality. Bordering on the esplanade, it provides tourists with all kinds of services and facilities.  Nearby there is a pleasant terraced bar where you can relax while enjoying any type of aperitif by the sea. The neighbouring island of La Gomera can be seen from the esplanade, in an unparalleled view of the surroundings. Length 350. metres Width 40 metres Occupancy rate High. Physical Location In the centre of Playa de Las Américas, opposite the esplanade and exclusive hotel complexes. Access to the beach For pedestrians. Nearby parking areas for cars. Proximity to tourist area Yes. Type of beach Artificial. Swimming conditions Calm water. Morphology Sand.  SERVICES AVAILABLE • Hammock and sunshade hire • Showers/ Foot wash • Wastepaper bins • W.C. • Cleaning service • Water activities (Jet skis, parasailing, pedal boats, banana boat) • Police safety HISTORICAL DETAILS Sand and pebbles were removed from the flats to make dwellings, irrigation ditches, ponds, etc., and limestone from the coast which was subsequently transformed into lime at local furnaces. Until the mid 80s, there used to be some salt flats in Punta de El Camisón, at the foot of El Cabezo Grande: the El Gincho Salt flats. An important area where many migrating birds gathered to rest and from where the fishermen took their supply for salting and preparing fish. In this desert-like spot, cereals, tomatoes and cotton were planted and there were rooms to safeguard the tools and salt extracted from the flats plus two lime furnaces. This area, according to all the authorities and institutions, met all the requirements for the building of Tenerife’s airport, but the distance of LosCristianos from the capital, the lack of a good road and other failings caused the project to be doomed. NEAREST TOURIST INFORMATION OFFICE Playa de Las Américas Tourist Information Office Tel: 922 797 668 Playa de Las Américas Tourist Information Office Tel: 922 787 011 ",,Playas,Naturaleza y Monumentos,,Arona,"Arena,Aseos,Bar,Chiringuitos,Hamacas,Policia,Sombrillas,",,,,,,,,,Gris,Tranquilo,,,Bajo,Bajo,350 metros,40 metros,"Desde la autopista TF 1 en dirección Playa de Las Américas frente al paseo marítimo Francisco Andrade Fumero y cercanías de la zona comercial por excelencia conocida como ‘La Milla de Oro’. Disponibilidad de señalización viaria. En transporte público regular: Líneas 473, 416, 467, 417, 477. ","From the TF-1 motorway heading towards Playa de Las Américas opposite the Francisco Andrade Fumero esplanade and in the vicinity of the area’s foremost shopping area known as ‘’The Golden Mile’’. Road indications available. By public transport services: Numbers 473, 416, 467, 417, 477. ",
Playas Deportivas: Playa Honda (Las Palmeras; La Izquierda; El Medio) La Montañeta (El Conquistador o La Derecha) El Guincho (La Piscina) El Cabezo Grande (Salinas),Sur,(28.0639452, -16.730575600000065),38660,Playa de Las Américas,,,,,,2014-06-24 09:18:22,,,"En un enclave natural incomparable Arona brinda una amplia gama de playas para la práctica de surf, donde expertos y principiantes podrán descubrir la particularidad de este deporte. Más de un kilómetro y medio de playas para  surfear se despliegan ante el visitante, sin duda un espectáculo durante todo el año.    En estas playas deportivas el amante del surf encontrará distintos tipo de olas, aptas para todos. Escuelas especializadas en este deporte brindan clases para distintos niveles, así como alquiler de equipos y tablas.    Durante años consecutivos se han realizado campeonatos de renombre en las playas para la práctica de surf que Arona oferta en este litoral de Playa de Las Américas, siendo este lugar el más óptimo para surfear en el sur de la isla de Tenerife.                  Es usual que los asiduos a este deporte se desplacen hasta este punto de la isla para la práctica de surf en busca del tipo de olas que el  municipio de Arona ofrece. Para muchos, es idílico poder zambullirse sobre la tabla bajo el sol de invierno que caracteriza este municipio.    Con la isla de la Gomera como telón de fondo, un paseo por esta zona del litoral puede resultar realmente placentero. Desde este lugar, donde existen terrazas  ‘chill out’ pensadas para el disfrute del buen tiempo todo el año, se pueden admirar los mejores atardeceres del sur de Tenerife.     Divagando entre las esculturas ubicadas en esta zona del paseo marítimo, el visitante encontrará un rincón  de la isla, donde el Atlántico, olas e incomparables atardeceres, convierten este lugar en un paraje singular en el municipio de Arona Longitud: 1,6 Kilómetros de extensión Grado de Ocupación: Medio Ubicación Física: Playa de Las Américas Proximidad al núcleo turístico: Sí Accesos a la playa: para peatones y vehículos. Parking Público en las cercanías. Tipo de playa: Natural Condiciones de baño: Oleaje fuerte Morfología: Rocas   Servicios Prestados:  -Papeleras -Seguridad Policial -Servicio de Limpieza   Olas y Picos en las Playas Deportivas:  Playa Honda: ‘Las Palmeras’, ‘La Izquierda’ ‘El Medio’ La Montañeta ‘El Conquistador’ o ‘La Derecha’ El Guincho: ‘La Piscina’ El Dedo El Cabezo Grande: ‘Salinas’ Charco del Marqués: ‘Fitenia’     El litoral costero de Playa de Las Américas es perfecto para los amantes de surf y bodyboard. Aquí se encuentran picos bien definidos en la zona de Palmeras, El Medio, Playa Honda, La Derecha, El Conquistador, La Piscina, El Dedo y Fitenia.    Todas presentan unas condiciones perfectas lo cual permite la práctica de este deporte tanto para principiantes como deportistas con un nivel más avanzado.    Las olas de este enclave se caracterizan por ser de ‘reef’ rocoso (comúnmente denominadas como bajas). Esto hace que se pueda formar una ola con características únicas, formando una ola con largo recorrido e incluso tubos. Éstas son muy valoradas por surfistas, pues nada tienen que envidiar a las de otros lugares del mundo.     En los años 90 la ola de ‘Palmeras’ quedó entre las diez mejores olas de Europa, dándole un merecido reconocimiento a nivel nacional e internacional, sumado a la sucesión de múltiples campeonatos de Surf de distintas categorías llevados a cabo en este lugar.    Las condiciones en invierno son de olas perfectas que rondan el metro de altura constante, con fuerza noroeste, llegando a rachas de temporal superando los dos metros de altura.     En Playa de Las Américas se puede presumir de un clima perfecto en nuestras playas, con temperaturas agradables durante todo el año. No en vano la temperatura del agua ronda los 19º. Un lujo que permite a los amantes de este deporte surfear con una licra de neopreno o para los más frioleros un 3/2 mm de traje de neopreno. Todo ello permite el baño prolongado durante más de dos horas sin sentir frío, considerándose impensable en Europa durante los meses de invierno.     En verano en las playas se disfruta del sol estival, con un mínimo de medio metro de olas ‘glassi’, con fuerza sur constante. No se requiere traje de neopreno, pues la temperatura del agua supera los 20º.    Las escuelas para la práctica de surf ofrecen clases de iniciación para el disfrute de las olas de Playa de Las Américas. En una sucesión de más de 1.5 kilómetros de costa encontrarás  olas consideradas de las mejores del mundo. Oficina de Información Turística más cercana:  Oficina de Información Turística Playa de Las Américas Tel: 922 797 668 ","Arona offers a wide range of beaches in unrivalled surroundings for surfing, where experts and beginners alike can discover the singularity of this sport. Over a kilometre and a half of surfing beaches unfold before the visitor’s eyes, undoubtedly a sight to be seen all year round. On these sports activity beaches, surf lovers will find all type of waves, suitable for everyone. Specialised surfing schools offer classes at different levels, as well as equipment and boards. Year after year there have been renowned surfing championships on the beaches that Arona offers on this coastline of Playa de Las Américas, the best place to surf in the south of Tenerife. It is normal for the people who love doing this sport to come to this spot on the island looking for the type of waves Arona offers. For many, being able to dive off the surfboard into the water under a winter sun, a possibility in this municipality, is idyllic. Taking a stroll along this area’s coastline with the Island of Gomera in the background can be really pleasurable. From here, where there are chill out terraced bars for enjoying the good weather all year round, you can admire the best sunsets in the south of Tenerife. Wandering through the sculptures set in this part of the esplanade, visitors will discover a corner of the island where the Atlantic, its waves and unparalleled sunsets make this place a unique spot in the municipality of Arona. CHARACTERISTICS OF THE BEACH Length 1.6 Kilometres long Occupancy rate Medium Physical Location Playa de Las Américas Proximity to tourist area Yes Access to the beach For pedestrians and vehicles. Public car park in the vicinity Type of beach Natural Swimming condition Strong waves Morphology Rocks SERVICES AVAILABLE • Wastepaper bins • Police safety • Cleaning service The coastline of Playa de las Américas is perfect for surf and body-board lovers. Here there are well-defined peaks in the area of Palmeras, El Medio, Playa Honda, La Derecha, El Conquistador, La Piscina, El Dedo and Fitenia. All of them are in perfect condition, thus allowing both beginners and advanced level surfers to practice their sport here. The waves at this spot are distinguished by being rocky reef (commonly called low waves). This means that a wave is formed with unique characteristics, a wave which is long and even with tubes. These waves are highly valued by surfers, and they rival those of other places around the world. In the 90s, the ‘Palmeras’ wave was amongst the ten best waves in Europe, giving it well-deserved recognition both nationally and internationally, adding to the series of multiple surfing championships of different categories carried out at this location. Conditions in winter are perfect waves of about one metre high, with northwest force, reaching bouts of stormy swells over two metres high. Playa de Las Américas boasts a perfect climate with pleasant temperatures all year round on our beaches. It is not in vain that the water temperature is approximately 19 degrees. This luxury means that surfers can practice their sport wearing a lycra wetsuit or for those who tend to feel the cold, a 3/2 mm wetsuit. In this way, bathing can be prolonged for over two hours without feeling the cold, something unthinkable in Europe during the winter months. The summer sun can be enjoyed on the beaches during the summer, with a minimum of half metre ‘’glassy’’ waves with constant south force. No wetsuit is needed, as the water temperature is over 20 degrees. Surf schools offer beginner’s classes to enjoy the waves at Playa de Las Américas. In a stretch of beach over 1.5 kilometres long you will find waves considered as among the best in the world. NEAREST TOURIST INFORMATION OFFICE Playa de Las Américas Tourist Information Office Tel: 922 797 668 ","Mit der Insel La Gomera im Hintergrund wird ein Spaziergang an diesem Küstenabschnitt zu einem wahrhaftigen Vergnügen. Von diesem Ort aus, an dem es Chill-Out-Terrassen für den Genuss des schönen Wetters im ganzen Jahr gibt, kann man die schönsten Sonnenuntergänge im Süden Teneriffas bewundern. Beim Bummeln zwischen den Skulpturen in diesem Bereich der Strandpromenade findet der Besucher eine Ecke der Insel, wo Atlantik, Wellen und unvergleichliche Sonnenuntergänge diesen Ort in eine einzigartige Gegend des Gemeindebezirks Arona verwandeln.  MERKMALSBESCHREIBUNG DER STRÄNDE Länge 1,6 Kilometer  Auslastungsgrad Mittel Physischer Standort Playa de Las Américas Nähe zu touristischem Ortskern Ja. Zugänge zum Strand Für Fußgänger und Fahrzeuge. Öffentlicher Parkplatz in der Nähe. Art des Strandes Naturstrand. Badebedingungen Starker Wellengang Morphologie Felsen   DIENSTLEISTUNGEN •    Mülleimer •    Polizeilicher Schutz •    Reinigungsdienst Der Küstenabschnitt von Playa de Las Américas ist perfekt für Surf- und Bodyboardliebhaber.  Hier gibt es im Bereich von Palmeras, El Medio, Playa Honda, La Derecha,  El Conquistador, La Piscina, El Dedo und Fitenia klar definierte Spitzenwerte.  Alle weisen perfekte Voraussetzungen auf, was die Ausübung dieser Sportart sowohl für Anfänger als auch für fortgeschrittene Sportler ermöglicht. Die Wellen an diesem Ort sind felsige Riffwellen (im Allgemeinen als niedrig eingestuft). Dadurch können sich einzigartige lange und sogar röhrenförmige Wellen bilden. Diese werden von den Surfern hoch geschätzt und stehen denjenigen in anderen Teilen der Welt in nichts nach. In den 90er Jahren gehörte die Welle von 'Palmeras' zu den zehn besten Europas, was ihr eine verdiente Anerkennung auf nationaler und internationaler Ebene eingebracht hat und die Austragung von mehreren Surfwettkämpfen unterschiedlicher Kategorien an diesem Ort zur Folge hatte. Die Bedingungen im Winter sind perfekte Wellen, die konstant um einen Meter hoch sind, mit nordwestlicher Stärke, die bei Sturmböen zwei Meter Höhe überschreiten. In Playa de Las Américas kann man mit einem perfekten Klima an unseren Stränden, mit angenehmen Temperaturen im ganzen Jahr prahlen. Die Wassertemperatur beträgt nicht umsonst um die 19 Grad. Ein Luxus, der es den Liebhabern dieses Sports erlaubt, mit einem Lycraanzug oder, für die Kälteempflindlichsten, mit einem Neoprenanzug mit 3/2 mm Stärke zu surfen. All dies ermöglicht ein über zwei Stunden langes Bad, ohne Kälte zu empfinden, was in Europa während der Wintermonate undenkbar wäre. Im Sommer genießt man an den Stränden die Sonne mit mindestens einen halben Meter hohen ""Glassy""-Wellen mit konstanter Südstärke. Man braucht keinen Neoprenanzug, da die Wassertemperatur bei über 20 Grad liegt. Die Surfschulen bieten Anfängerunterricht an, um die Wellen der Playa de Las Américas zu genießen. Auf einer über 1,5 Kilometer langen Küstenstrecke finden Sie Wellen, die zu den besten der Welt gehören.  NÄCHSTGELEGENES TOURISMUSINFORMATIONSBÜRO Tourismusinformationsbüro Playa de Las Américas Tel: 922 797 668 ",Playas,Naturaleza y Monumentos,,Arona,"Policia,",Deportes,,,,,,,,Dorada,Fuerte,,,Bajo,Bajo,"1,6 Kilómetros de extensión",,"Ubicación en Playa de Las Américas, Paseo Marítimo Francisco Andrade Fumero. Frente a Hotel Villa Cortés y Hotel Conquistador. En transporte público regular: Líneas 473, 416, 467, 417, 477. ","Location in Playa de Las Américas, Paseo Marítimo Francisco Andrade Fumero. Opposite the Hotel Villa Cortés and the Hotel Conquistador. By public transport services: Numbers Nos. 473, 416, 467, 417, 477. ","Lage in Playa de Las Américas, Paseo Marítimo Francisco Andrade Fumero. Gegenüber dem Hotel Villa Cortés und Hotel Conquistador. Mit öffentlichem Linienverkehr: Linien 473, 416, 467, 417, 477 "
Playa de Las Vistas,Sur,(28.050039, -16.717233999999962),38650,Playa de Las Vistas. Los Cristianos,,,,,,2011-06-16 16:05:24,,,"Sin duda alguna la más extensa del municipio de Arona, la Playa de Las Vistas se prolonga a lo largo de casi 1 kilómetro de longitud como nexo entre Playa de Las Américas y Los Cristianos.  Considerada como uno de los puntos de interés de la isla de Tenerife, esta playa se caracteriza por su variedad, animación y accesibilidad para todo tipo de bañistas.    La Playa de las Vistas se despliega ante el visitante, teniendo cabida para el relax, un clima incomparable,  actividades acuáticas de distinta índole, así como un baño en aguas limpias y tranquilas.    No en vano, se considera una playa para todos, donde turistas y residentes disfrutan del sol y el mar durante las cuatro estaciones.  Jóvenes y mayores, familias y parejas, encontrarán en la Playa de Las Vistas la playa perfecta para sus vacaciones.      Considerada como una de las de mayor renombre de Tenerife no sólo por sus características, sino por ser pionera en accesibilidad en Canarias, la Playa de las Vistas es una de las dos playas más visitadas de España por personas con movilidad reducida y ha sido galardonada con la distinción temática “Accesibilidad en Playas”.    Esta playa totalmente accesible es un lugar ideal para turistas con movilidad reducida gracias a sus  instalaciones sin barreras, todo tipo de servicios adaptados y la tranquilidad de sus aguas. Todo ello vinculado al excelente clima del municipio a lo largo de todo el año.     Longitud: 925 metros Anchura: 80 metros. Grado de ocupación: alto. Ubicación Física: Paseo Marítimo Playa de Las Vistas. Limita con Playa de Las Américas por el paseo marítimo. Cercana a la Estación Marítima de Los Cristianos. Proximidad al núcleo turístico: Sí Accesos a la playa: para peatones. Aparcamiento gratuito. Parking privados en las inmediaciones. Localización acceso para vehículos de emergencias: Sí. Tipo de playa: artificial Condiciones de baño: aguas tranquilas Morfología: arena  Servicios prestados:  -Alquiler de hamacas y sombrillas -Pasarelas -Duchas / Lavapiés -Papeleras -Baños -Servicio de limpieza -Contenedores para reciclaje de residuos -Socorrismo, vigilancia y equipos de salvamento - Área accesible para turistas con movilidad reducida. -Actividades acuáticas (Jetsky, motos acuáticas, parascending,  pedales, banana) -Seguridad Policial  -Webcam de la Playa de Las Vistas  en www.arona.travel   Área accesible en la Playa de Las Vistas:  Arona es uno de los destinos vacacionales con mayor número de turistas con movilidad reducida del mundo. La Playa de Las Vistas ofrece al visitante un área accesible donde podrá disfrutar de los siguientes servicios:   - Estacionamiento próximo a la playa con plazas reservadas. -Señalización de itinerario accesible, playa accesible y servicios. -Itinerario Accesible. -Rampas de acceso –6%. -Sillas anfibias -Muletas anfibias -Grúa hidráulica  -Pasarelas fijas de madera -Pasarelas enrollables -Zona de descanso con sombrillas -Área de vigilancia -Aseos adaptados -Duchas adaptadas    Playa de Las Vistas, fruto de las recientes obras de remodelación y ampliación tomó su nombre de la pequeña playa más próxima a San Telmo y que los vecinos llamaban “Vistas del Camisón”, uniéndose a la “Playa de la Carnada” situada delante de Vintersol  Oficina de Información Turística más cercana:  Oficina de Información Turística Playa de Las Vistas Tel: 922 787 011 ","A beach for everybody! Without doubt the longest beach in Arona, Playa de Las Vistas stretches for almost 1 kilometre joining Playa de Las Américas and Los Cristianos. Considered one of the points of interest on the island of Tenerife, this beach is characterised by its variety, activities and accessibility for all types of sun-bathers. Playa de Las Vistas unfolds before the visitor’s eyes, a beach suitable for relaxing, with an unsurpassable climate, different kinds of water activities and swimming in clean, tranquil water. It is not surprising that it is considered a beach for everyone, where tourists and residents can enjoy sun and sea for the four seasons of the year. Young and old, families and couples, Playa de Las Vistas is the perfect beach for your holidays. Considered one of the most acclaimed beaches in Tenerife not only for its features but due to being a pioneer in accessibility in the Canary Islands, Playa de Las Vistas is one of the two most visited beaches in Spain by individuals with reduced mobility and has been awarded the thematic commendation “Beach Accessibility”. This completely accessible beach is the perfect place for tourists with reduced mobility thanks to its facilities without barriers, all types of adapted services and its calm waters. All added to the municipality’s excellent climate all year round. It has been awarded the Blue Flag for several years from the European Union due to its excellent features and available services.  Length 925 metres. Width 80 metres. Occupancy rate High. Physical Location Playa de Las Vistas esplanade. Limits: Playa de Las Américas via the esplanade. Close to Los Cristianos Marine . Proximity to tourist area Yes. Access to the beach For pedestrians. Free parking. Private car parks in the vicinity. Access Location for emergency vehicles Yes. Type of beach Artificial. Swimming conditions Calm water. Morphology Sand.  SERVICES AVAILABLE • Hammock and sunshade hire • Walkways • Showers/ Foot wash • Wastepaper bins • W.C. • Cleaning service • Waste recycling containers • Lifeguards, surveillance and life-saving equipment • Accessible area for reduced mobility tourists. • Water activities (Jet ski, parascending, etc.) • Police safety • Playa de Las Vistas Webcam at www.arona.travel  ACCESSIBLE AREA IN PLAYA DE LAS VISTAS Arona is a tourist destination with one of the largest number of reduced mobility tourists in the world. Playa de Las Vistas offers visitors an accessible area where the following services can be enjoyed: • Parking near the beach with reserved spaces. • Signposting of accessible itinerary, accessible beach and services. • Accessible itinerary. • Access ramp (–6%). • Amphibious chairs • Amphibious crutches • Hydraulic chair-lift • Permanent wooden walkways • Roll-up walkways • Rest area with sun shades • Surveillance area • Adapted toilets • Adapted shower HISTORICAL DETAILS The beach known as Playa de Las Vistas, resulting from recent remodelling and expansion works, took its name from the small beach nearest to San Telmo called ‘’Vistas del Camisón’’ by local residents, joining up with “Playa de la Carnada” situated in front of Vintersol. NEAREST TOURIST INFORMATION OFFICE Playa de Las Vistas Tourist Information Office Tel: 922 787 011 ",,Playas,Naturaleza y Monumentos,,Arona,"Acceso a pie,Adaptada (discapacitados),Arena,Aseos,Bar,Chiringuitos,Dique,Duchas,Hamacas,Parking,Plataforma,Policia,Restaurante,Sillas anfibias,Socorrismo,Sombrillas,Teléfono,",Accesibilidad,,,,,,,,Dorada,Tranquilo,,,Bajo,Bajo,925 metros,80 metros,"Desde autopista TF1 en dirección Los Cristianos hasta la estación marítima. Seguir señalización viaria. En transporte público: líneas 110, 111, 473. 416, 467, 477, 417, 472, 418.  ","From the TF1 motorway heading towards Los Cristianos up to the marine terminal.  Follow road indications. By public transport services: Numbers 110, 111, 473. 416, 467, 477, 417, 472, 418",
Playa de los Cristianos ,Sur,(28.050039, -16.717233999999962),38650,Playa de Los Cristianos,,,,,,2011-06-16 16:10:32,,,"   La Playa de los Cristianos se considera una de las playas históricas del municipio de Arona. Ubicada en pleno centro neurálgico de Los Cristianos conserva aún la esencia del que antaño fue un pequeño poblado marinero, dando  paso posteriormente a uno de los núcleos turísticos más conocidos de Tenerife. Distintas embarcaciones pesqueras hacen hoy en día que permanezca la esencia del pueblo de pescadores que aún en la actualidad se funde con el enclave turístico de Los Cristianos, lo que le confiere cierta particularidad donde se mezclan pasado y presente.  Longitud: 400 metros Anchura: 82 metros Grado de ocupación: Alto Ubicación Física: Junto a la zona peatonal comercial de Los Cristianos, frente al paseo marítimo. En las cercanías de la explanada de la estación marítima. Proximidad al núcleo turístico: Sí Accesos a la playa: para peatones. Parking privado para vehículos en las inmediaciones. Tipo de playa: Natural Condiciones de baño: aguas tranquilas Morfología: Arena.    Servicios prestados:  -Alquiler de hamacas y sombrillas -Duchas / Lavapiés -Papeleras -Baños -Servicio de limpieza -Contenedores para reciclaje de residuos -Socorrismo, vigilancia y equipos de salvamento -Escuela de Vela Datos históricos:     La Playa de Los Cristianos está en gran manera unida al comienzo del turismo en el sur de Tenerife. En el año 1957 un grupo de jóvenes suecos con movilidad reducida, originada por problemas reumáticos, llegó al poblado marinero de Los Cristianos después de haber recorrido medio mundo. En este lugar, gracias a su agradable clima y a su playa, mejoró notablemente su estado de salud. La llegada de estos visitantes escandinavos dio lugar al nacimiento del turismo en el municipio de Arona. Desde entonces hasta la actualidad, Los Cristianos se ha convertido en un reclamo turístico para visitantes de distintas nacionalidades a lo largo del año. Gracias a su clima benéfico y las óptimas condiciones de su costa, miles de turistas  buscan en Playa de Los Cristianos y Playa de Las Américas el sol de invierno tan anhelado en sus países en los meses de frío. Oficina de Información Turística más cercana:  Oficina de Información Turística Playa de Las Vistas Tel: 922 787 011 ","Playa de los Cristianos is considered one of the most historic beaches in the municipality of Arona. Located right in the hub of Los Cristianos, it still retains the essence of what was formerly a small fishing village, giving rise afterwards to one of the best known tourist resorts in Tenerife. Various fishing boats ensure these days that the spirit of the fishing village remains, still merging today with the tourist destination Los Cristianos, conferring a certain singularity to it where past and present mingle together. CHARACTERISTICS Length: 400 m. Width: 82 m. Occupancy rates High Physical location: Beside the pedestrian shopping area in Los Cristianos, opposite the esplanade. In the maritime station Proximity to tourist area: Yes. Access to the beach For pedestrians. Private parking for vehicles in the vicinity. Type of beach: Natural. Calm water. Morphology: Sand. SERVICES OFFERED • Hammock and sunshade hire • Showers/ Foot wash • Wastepaper bins • W.C. • Cleaning service • Waste recycling containers • Lifeguards, surveillance and life-saving equipment • Sailing school HISTORICAL DETAILS Playa de Los Cristianos is linked to a great extent with the beginnings of tourism in the south of Tenerife. In 1957, a group of Swedish young people suffering reduced mobility due to rheumatic problems arrived in the fishing village of Los Cristianos after having travelled half way round the world. In this place, their health improved noticeably thanks to the pleasant climate and beach. The arrival of these Scandinavian visitors led to the birth of tourism in the municipality of Arona. Since then up to the present day, Los Cristianos has become a tourist attraction for visitors of all different nationalities throughout the year. Thanks to its mild climate and the optimum conditions of its coastline, thousands of tourists look to Playa de Los Cristianos and Playa de Las Américas for that winter sun so longed for in their own countries during the cold months. NEAREST TOURIST INFORMATION OFFICE: Playa de Las Vistas Tourist Information Office Tel: 922 787 011 ","Playa de los Cristianos wird als einer der historischen Strände des Gemeindebezirks Arona betrachtet.  Mitten im Zentrum von Los Cristianos gelegen, bewahrt er immer noch das Wesen des ehemaligen kleinen Fischerdorfs, das später zu einem der bekanntesten Touristenorte Teneriffas wurde. Dank der verschiedenen Fischerboote ist das Wesen des Fischerdorfes, das mit dem Touristenort Los Cristianos verschmilzt, auch heute noch wahrnehmbar, was ihm durch die Vermischung von Vergangenheit und Gegenwart eine gewisse Besonderheit verleiht.   MERKMALSBESCHREIBUNG  Länge: 400 m.  Breite: 82 m. Auslastungsgrad: Hoch. Physischer Standort: Neben der Fußgängerzone von Los Cristianos, gegenüber der Strandpromenade. In der Nähe des Hafengeländes. Nähe zu touristischem Ortskern: Ja. Zugänge zum Strand: Für Fußgänger.  Privatparkplatzfür Fahrzeuge in der näheren Umgebung.  Art des Strandes: Naturstrand. Badebedingungen: Ruhiges Wasser. Morphologie: Sand  Verleih von Liegen und Sonnenschirmen •    Duschen / Fußduschen •    Mülleimer •    Toiletten •    Reinigungsdienst •    Wertstoffbehälter •    Rettungsschwimmer, Küstenwache und Erste-Hilfe-Dienst •    Segelschule    HISTORISCHE DATEN  Playa de Los Cristianos ist in hohem Maße mit der Entstehung des Fremdenverkehrs im Süden Teneriffas verbunden. Im Jahr 1957 kam eine Gruppe junger Schweden mit eingeschränkter Mobilität aufgrund von rheumatischen Problemen, nachdem sie um die halbe Welt gereist war, im Fischerdorf Los Cristianos an. An diesem Ort konnte sich ihr Gesundheitszustand dank des angenehmen Klimas und des Strandes merklich verbessern. Die Ankunft dieser skandinavischen Gäste führte zur Entstehung des Fremdenverkehrs im Gemeindebezirk Arona. Seitdem hat sich Los Cristianos in einen Anziehungspunkt für Touristen verschiedener Nationalitäten im Laufe des Jahres verwandelt. Aufgrund des wohltuenden Klimas und der optimalen Küstenbedingungen kommen tausende Touristen auf der Such nach Wintersonne, nach der sie sich in den Kältemonaten ihrer Länder so sehr sehnen, nach Playa de Los Cristianos und Playa de Las Américas.   NÄCHSTGELEGENES TOURISMUSINFORMATIONSBÜRO  Tourismusinformationsbüro Playa de Las Vistas Tel: 922 787 011 ",Playas,Naturaleza y Monumentos,,Arona,"Acceso a pie,Arena,Aseos,Bar,Chiringuitos,Duchas,Hamacas,Parking,Policia,Restaurante,Teléfono,",,,,,,,,,Dorada,Tranquilo,,,Bajo,Bajo,400 metros,82 metros,"Desde autopista TF1 en dirección Los Cristianos hasta la estación marítima. Seguir señalización viaria. En transporte público: líneas 110, 111, 473. 416, 467. 477, 417, 472, 418, 343.                                      Parada más cercana: estación de guaguas de Los Cristianos ","From the TF1 motorway heading towards Los Cristianos up to the marine terminal. Follow road indications. By public transport services: Numbers 110, 111, 473, 416, 467, 477, 417, 472, 418, 343. Nearest stop: Los Cristianos bus station ","Von der Autobahn TF1 in Richtung Los Cristianos bis zur Hafenanlage. Der Straßenbeschilderung folgen.  Mit öffentlichem Linienverkehr: Linien 110, 111, 473, 416, 467, 477, 417, 472, 418, 343. Nächstgelegene Haltestelle: Busstation Los Cristianos. "
Playa del Callao ,Sur,(28.0396244, -16.708548599999972),38650,Playa del Callao. Playa de Los Cristianos,,,,,,2011-06-16 16:15:33,,,"   La Playa del Callao ofrece al bañista tranquilidad y relax. En un enclave sin aglomeraciones el visitante podrá disfrutar del mar en su estado más puro. En esta playa, alejada del bullicio, el turista encontrará un paraje en el que el Espacio Natural Protegido de Guaza tiene sus faldas.     Una de las principales características de la Playa del Callao es que dispone de un área nudista. La combinación de arena y piedras le confieren un aspecto natural, y sus aguas limpias a mar abierto hacen de la Playa del Callao un espacio donde el disfrute del sol y el mar está garantizado. Longitud: 420 m. Anchura: 30 m.  Grado de ocupación: bajo Ubicación física: Final de la Avenida Juan Carlos I, dejando atrás el paseo marítimo. Proximidad al núcleo turístico: Semiurbana. Accesos a la playa: Para peatones. Aparcamiento público en los alrededores. Tipo de Playa: Natural Vegetación: Sí Condiciones de Baño: Aguas tranquilas Morfología: ‘Callaos’ (Piedras redondas semiplanas) Zona nudista: Si Servicios prestados:   -Papeleras -Seguridad policial -Servicio de limpieza  Esta playa está tradicionalmente vinculada a la pesca y el marisqueo de burgados y lapas  ","Playa del Callao offers tourists peace of mind and relaxation. Visitors can enjoy the sea in its purest state in this spot without agglomerations. This beach, secluded from the hustle and bustle, offers tourists a place where the foothills of the Guaza Nature Reserve begin. One of the main features of Playa del Callao is its nudist area. The combination of sand and stones give it a natural look, and its clear waters to the open sea make Playa del Callao a space in which sun and sea enjoyment is guaranteed. CHARACTERISTICS Length: 420 m. Width: 30 m. Occupancy rates: Low Physical location: At the end of Avenida Juan Carlos I, leaving the esplanade behind. Proximity to tourist area: Semi-urban. Access to the beach: For pedestrians. Public car parks in the vicinity. Type of beach: Natural. Plant-life: Yes. Swimming conditions: Calm waters. Morphology: “Callaos” (semi-flat pebbles). Nudist area: Yes AVAILABLE SERVICES • Wastepaper bins • Police safety • Cleaning service HISTORICAL DETAILS This beach is traditionally linked to fishing and gathering shellfish such as burgados, a type ofsea snail, and limpets. NEAREST TOURIST INFORMATION OFFICE Tourist Information Office in Playa de Las Vistas Tel: 922 787 011. ","Playa del Callao bietet dem Badegast Ruhe und Entspannung. An einem Ort ohne Gedränge kann der Besucher das Meer in seinem natürlichsten Zustand genießen. An diesem vom Rummel entfernten Strand findet der Besucher eine Landschaft vor, in der sich das Naturschutzgebiet Guaza entfaltet. Eines der wichtigsten Kennzeichen von Playa del Callao ist der FKK-Bereich. Die Kombination von Sand und Steinen verleihen Playa de Callao ein natürliches Aussehen und sein sauberes Wasser ins offene Meer hinaus garantiert an diesem Strand den Genuss von Sonne und Meer.  MERKMALSBESCHREIBUNG Länge 420 m.  Breite 30 m.  Auslastungsgrad Niedrig. Physischer Standpunkt Ende der Avenida Juan Carlos I, hinter der Strandpromenade.. Nähe zu touristischem Ortskern Semiurban.  Zugänge zum Strand Für Fußgänger. Öffentlicher Parkplatz in der Umgebung.  Art des Strandes Naturstrand. Vegetation Ja. Badebedingungen Ruhiges Wasser. Morphologie “Callaos” (halbflache runde Steine).  FKK-Bereich Ja  DIENSTLEISTUNGEN  •    Mülleimer •    Polizeilicher Schutz •    Reinigungsdienst     HISTORISCHE DATEN  Dieser Strand wird traditionellerweise mit dem Fischfang und der Zucht von Meeres- und Napfschnecken in Verbindung gebracht.   NÄCHSTGELEGENES TOURISMUSINFORMATIONSBÜRO  Tourismusinformationsbüro Playa de Las Vistas Tel: 922 787 011. ",Playas,Naturaleza y Monumentos,,Arona,"Nudista,",LGTB,,,,,,,,Dorada,Moderado,,,Bajo,Bajo,420 m,30 m,"Salida de la autopista TF1 en dirección Los Cristianos. Seguir siempre recto hasta el final de la Avenida Juan Carlos I. Junto al Arona Gran Hotel.  En transporte público: líneas 110, 111, 473. 416, 467.                                      Parada más cercana: Estación de Guaguas de Los Cristianos ","HOW TO GET THERE Exit the TF1 motorway direction Los Cristianos. Go straight on until the end of Avenida Juan Carlos I. Beside the Arona Gran Hotel. By public transport services: Numbers 110, 111, 473, 416, 467. Nearest stop: Los Cristianos Bus Station.","Ausfahrt der Autobahn TF1 in Richtung Los Cristianos. Immer weiter geradeaus bis ans Ender der Avenida Juan Carlos I. neben das Arona Gran Hotel fahren.  Mit öffentlichem Linienverkehr: Linien 110, 111, 473, 416, 467. Nächstgelegene Haltestelle: Busstation Los Cristianos "
Playa de Las Galletas,Sur,(28.0086864, -16.659929000000033),,Playa de Las Galletas,,,,,,2011-06-16 16:19:07,,," A 15 km de los núcleos turísticos de Playa de Las Américas y Los Cristianos se encuentra el enclave costero de Las Galletas. Su costa, abastecimiento de pescadores ayer y hoy, es transitada por gente del lugar convirtiendo la Playa de Las Galletas en una de las de mayor ambiente local del municipio de Arona.     El mercado de pescado, y la Marina del Sur, le confieren un peculiar aspecto marinero. Es  frecuente encontrar pescadores realizando su actividad diaria, tejiendo redes o habilitando sus barcas para el ejercicio cotidiano de la pesca.     Sin duda alguna la Playa de Las Galletas muestra al visitante un claro ejemplo del más puro ambiente local, donde el turismo se mezcla con los lugareños durante todo el año. Longitud: 420 metros Anchura: 25 metros Grado de ocupación: medio Zona de fondeo: dispone de pantalanes y zona de fondeo para barcos. Ubicación física: En una de las principales vías de entrada al núcleo costero de Las Galletas. Proximidad al núcleo turístico: Sí. Accesos a la playa: para peatones. Aparcamiento público en las inmediaciones. Tipo de playa: natural Condiciones de baño: Aguas tranquilas Morfología: Playa mixta de grava y arena.   Servicios prestados:  -Alquiler de hamacas -Lavapiés -Papeleras -Baños -Servicio de limpieza -Torre de vigilancia -Webcam de la Playa de Las Galletas  en www.arona.travel  Datos históricos:   Las Galletas nace como núcleo vinculado a la pesca y al marisqueo en sus bellos  bahíos. La Playa de Las Galletas es aquella en la que los pescadores varaban sus barcos y sobre los negros ‘callaos’, sus mujeres clasificaban el pescado, dispuestos en cajas o cestas  para su venta.    En la orilla de la Playa de Las Galletas se levantaba “El Salón”, hoy desaparecido pero aún presente en la memoria de sus vecinos. El Salón, era una construcción de principios del siglo XX, y está relacionado al cultivo del tomate. En el Salón se almacenaban los tomates a la espera de ser trasladados en barcos de cabotaje a Santa Cruz, capital de la isla,  para su posterior exportación.  Oficina de Información Turística más cercana:  Oficina de Información Turística Playa de Las Galletas Tel: 922 730 133 ","15 km away from the tourist destinations of Playa de Las Américas and Los Cristianos, is the coastal spot Las Galletas. Along its coast, which supplies fishermen past and present, you will find locals, making Playa de Las Galletas one of the beaches with the greatest local ambience in the municipality of Arona. The fish market and the Marina del Sur give it a characteristic fishing appearance. You will frequently find fishermen about their daily work, sewing nets or preparing their boats for the daily task of fishing. There is no doubt that Playa de Las Galletas gives visitors a clear example of the purest local atmosphere, where tourists mingle with local residents all year long. CHARACTERISTICS Length: 420 m. Width: 25 m. Occupancy rates: Medium. Anchorage area Floating quays and anchorage area available for boats. Physical location: In one of the main entries to the coastal town of Las Galletas. Proximity to tourist area: Yes. Access to the beach: For pedestrians. Public car parks in the vicinity. Type of beach: Natural. Swimming conditions: Calm water. Morphology Mixed: Gravel and sand. SERVICES AVAILABLE • Hammock hire • Foot wash • Wastepaper bins • W.C. • Cleaning service • Watch-guard tower • Webcam of Playa de Las Galletas webcam at www.arona.travel HISTORICAL DETAILS Las Galletas emerged as a place linked to fishing and shellfish gathering in its beautiful bays. Playa de Las Galletas is where the fishermen used to beach their boats and where their wives used to classify the fish on the black pebbles, laid out in boxes or baskets for sale. On the shore of Playa de Las Galletas was ‘’El Salón’’, today no longer there but still present in the memories of the local residents. El Salón was an early 20th century construction, related to the tomato harvest. Tomatoes were stored in El Salón while waiting to be transferred to the capital of the island, Santa Cruz, on coasting vessels, for their subsequent exportation. NEAREST TOURIST INFORMATION OFFICE Playa de Las Galletas Tourist Information Office Tel: 922 730 133 ","15 km von den Touristenorten Playa de Las Américas und Los Cristianos entfernt befindet sich der Küstenort Las Galletas. Seine Küste, die gestern wie heute die Fischer versorgt hat, wird von Einheimischen besucht, was den Strand von Las Galletas zu einem mit dem stärksten lokalen Ambiente des Gemeindebezirks Arona macht. Der Fischmarkt und die Marina del Sur verleihen ihm das besondere Aussehen eines Fischerdorfs. Es kommt häufig vor, dass man Fischer bei ihrer täglichen Arbeit sieht, wie sie Netze weben oder ihre Boote für den alltäglichen Fischfang herrichten. Es besteht kein Zweifel, dass Playa de Las Galletas ein klares Beispiel des unverfälschten lokalen Ambientes darstellt, wo sich der Tourismus das ganze Jahr über mit den Einheimischen vermischt.  MERKMALSBESCHREIBUNG Länge: 420 m.  Breite: 25 m.  Auslastungsgrad: Mittel. Ankerplätze Verfügt über Liege- und Ankerplätze für Schiffe. Physischer Standort In einer der Haupteinfahrtsstraßen zum Küstenort Las Galletas. Nähe zu touristischem Ortskern:  Ja. Zugänge zum Strand Für Fußgänger Öffentlicher Parkplatz in unmittelbarer Nähe. Art des Strandes: Naturstrand.  Badebedingungen: Ruhiges Wasser. Morphologie: Gemischter Kies- und Sandstrand.  •    Verleih von Strandliegen •    Fußdusche •    Mülleimer •    Toiletten •    Reinigungsdienst •    Wachturm •    Webcam-Bilder der Playa de Las Galletas auf www.arona.travel    HISTORISCHE DATEN  Las Galletas entsteht als ein Ort, der mit dem Fischfang und der Zucht von Meeresfrüchten in seinen hübschen Buchten verbunden ist.  Es ist der Strand von Las Galletas, an dem die Fischer mit ihren Booten ausliefen und die Frauen auf den schwarzen Kieselsteinen die Fische sortierten und sie zum Verkauf in Schachteln oder Körbe legten.  Am Ufer der Playa de Las Galletas stand ""El Salón"", den es heute nicht mehr gibt, aber immer noch im Gedächtnis der Einwohner ist. El Salón war ein Bau aus dem beginnenden 20. Jahrhundert und steht mit dem Anbau von Tomaten in Verbindung. Im Salón wurden die Tomaten für den Transport in Küstenfahrzeugen nach Santa Cruz, der Hauptstadt der Insel gespeichert, um von dort exportiert zu werden. NÄCHSTGELEGENES TOURISMUSINFORMATIONSBÜRO Tourismusinformationsbüro Playa de Las Galletas Tel: 922 730 133 ",Playas,Naturaleza y Monumentos,,Arona,"Acceso a pie,Aseos,Duchas,Hamacas,Parking,",,,,,,,,,Negra,Tranquilo,,,Bajo,Bajo,420 metros,25 metros,"Salida 25 de la autopista TF1 en dirección Las Galletas.  En transporte público: Líneas 115 desde Santa Cruz, 467 y 470 desde Los Cristianos-Playa de Las Américas y Golf del Sur. ","Exit 25 off the TF1 motorway direction Las Galletas. By public transport services: Numbers 115 from Santa Cruz, 467 and 470 from Los Cristianos-Playa de Las Américas and Golf del Sur ","Ausfahrt 25 der Autobahn TF1 in Richtung Las Galletas. Mit öffentlichem Linienverkehr: Linie 115 von Santa Cruz, Linien 467 und 470 von Los Cristianos - Playa de Las  Américas und Golf del Sur "
Playa Charco del baño ,Sur,(28.0086864, -16.659929000000033),,Playa de Las Galletas,,,,,,2011-06-16 16:24:21,,,"Esta pequeña playa se encuentra a continuación de la Playa de Las Galletas, separadas por el muelle embarcadero de esta localidad.     Charco del baño se caracteriza por ser una playa con carácter acogedor, frecuentada mayormente por lugareños, donde se respira aún el olor a sal y tiempos pasados. El  descanso está garantizado en este pequeño enclave bordeado por un pequeño paseo marítimo donde variedad de restaurantes ofrecen productos de la tierra y el mar. Terrazas para el disfrute del buen tiempo y la comodidad se encuentran en primera línea de esta singular playa.   Longitud: 240 metros Anchura: 16 metros Grado de ocupación: Bajo Ubicación física: en el paseo marítimo de Las Galletas. Junto al muelle y la rambla. Proximidad al núcleo turístico: Sí Accesos a la playa: para peatones. Aparcamiento público en vías de acceso al pueblo. Tipo de playa: Natural Condiciones de baño: Oleaje moderado Morfología: Mixta (Arena y rocas)    Servicios Prestados:  Alquiler de hamacas Duchas Papeleras Baños Servicio de limpieza Rampas de acceso  Datos Históricos:  El Charco del Baño ha acogido tradicionalmente el trasiego de vecinos y visitantes. La vinculación de los pescadores del lugar y sus familias con sus bahíos es intensa pues de ellos obtienen  sustento y como no, momentos  de ocio.    Oficina de Información Turística más cercana:  Oficina de Información Turística Playa de Las Galletas Tel: 922 730 133 ","This small beach carries on after Playa de Las Galletas, whose bulwark separates the two. Charco del Baño is characterised by its friendly atmosphere, a favourite of the local residents, smelling of sea salt and past times. Relaxation is guaranteed at this spot bordered by a little esplanade sprinkled with restaurants offering produce linked to the land and the sea. There are terraces to make the most of the good weather along the seafront of this unique beach. CHARACTERISTICS Length: 240 m. Width: 16 m. Occupancy rates: Low. Physical location: On the Las Galletas esplanade. Next to the bulwark and the promenade. Proximity to tourist area: Yes. Access to the beach: For pedestrians. Public car parks at the entry entrance to the village. Type of beach: Natural. Swimming condition: Moderate waves. Morphology: Mixed (Sand and rocks). SERVICES AVAILABLE • Hammock hire • Showers • Wastepaper bins • W.C. • Cleaning service • Access ramp HISTORICAL DETAILS Charco del Baño is traditionally a place where locals and visitors both go. The local fishermen and their families have strong links with its bays as it is from them that they derive their living and, of course, their moments of leisure. NEAREST TOURIST INFORMATION OFFICE Playa de Las Galletas Tourist Information Office Tel: 922 730 133 ","Dieser kleine Strand befindet sich im Anschluss an Playa de Las Galletas, abgetrennt durch den Anlegesteg dieser Ortschaft.   Charco del baño zeichnet sich dadurch aus, dass es ein einladender Strand ist, an den hauptsächlich Einheimische gehen und wo man noch den Geruch nach Salz und vergangenen Zeiten einatmet. An diesem kleinen Ort entlang einer kleinen Strandpromenade, an der mehrere Restaurants ihre Land- und Meeresprodukte anbieten, ist das Ausruhen garantiert. Terrassen zum Genießen des schönen Wetters und Gemütlichkeit befinden sich direkt an diesem einzigartigen Strand  Länge: 240 m. Breite: 16 m.  Auslastungsgrad: Niedrig. Physischer Standort An der Strandpromenade von Las Galletas. Neben dem Anlegesteg und der Allee.  Nähe zu touristischem Ortskern : Ja. Zugänge zum Strand: Für Fußgänger.  Öffentlicher Parkplatz an der Ortseinfahrt. Art des Strandes: Naturstrand.  Badebedingungen: Mäßig starker Wellengang Morphologie: Gemischt (Sand und Felsen). Verleih von Strandliegen •    Duschen •    Mülleimer •    Toiletten •    Reinigungsdienst •    Zugangsrampen El Charco del Baño war traditionellerweise ein Ort für seine Einwohner und für Besucher. Die ortsansässigen Fischer und deren Familien sind eng mit den Buchten dieser Küste verbunden, denn hier gewinnen sie ihren Lebensunterhalt und verbringen selbstverständlich ihre Freizeit. NÄCHSTGELEGENES TOURISMUSINFORMATIONSBÜRO  Tourismusinformationsbüro Playa de Las Galletas Tel: 922 730 133 ",Playas,Naturaleza y Monumentos,,Arona,"Acceso a pie,Bar,Duchas,Restaurante,",,,,,,,,,Dorada,Moderado,,,Bajo,Bajo,240 metros,16 metros,"Salida 25 de la autopista TF1 en dirección Las Galletas.  En transporte público: Líneas 115 desde Santa Cruz, 467 y 470 desde Los Cristianos-Playa de Las Américas y Golf del Sur.  ","Exit 25 off the TF1 motorway direction Las Galletas. By public transport services: Numbers 115 from Santa Cruz, 467 and 470 from Los Cristianos-Playa de LasAméricas and Golf del Sur. ","Ausfahrt 25 der Autobahn TF1 in Richtung Las Galletas.  Mit öffentlichem Linienverkehr: Linie 115 von Santa Cruz, Linien 467 und 470 von Los Cristianos - Playa de Las Américas und Golf del Sur "
Playa Jardín de Punta Brava,Norte,(28.4110894, -16.560798400000067),38400,"Avenida Francisco Afonso Carrillo, Puerto de la Cruz",,,,,,2011-09-15 15:28:44,Abierto,,"Este maravilloso espacio costero, fruto de una obra pública de reacondicionamiento del litoral, terminada en 1993, comienza a la altura del Castillo San Felipe y enlaza con el barrio de Punta Brava. Es un conjunto de playas de arena negra volcánica cuyo entorno de espléndidos jardines y paseos peatonales fue diseñado por el artista Cesar Manrique. A lo largo de un frente costeros de 600 metros de longitud se distribuye una completa red de instalaciones de servicios y esparcimiento, ambientada con una rica vegetación, cascadas de agua marina y cuevas de piedra artificial que embellecen los alrededores y hacen honor a su nombre. La calidad de estas instalaciones y su cuidada estética natural hacen de Playa Jardín un lugar de singular belleza y confortabilidad, reconocido con la Bandera Azul de la Unión Europea. La construcción de Playa Jardín costó al Ministerio de Obras Públicas casí 2.000 millones de pesetas. Las obras, dirigidas por el artista César Manrique y los ingenieros Amigó y Olcina, fueron realizadas por las empresas Cubiertas y MZOV y Ferrovial. Para la enarenación de la antigua playa de callaos, se utilizaron 23.000 metros cúbicos de arena volcánica extraída de fondos marinos cercanos. En la construcción de la escollera semisumergida que protege la playa del fuerte oleaje predominante en la costa norteña, se emplearon 4.226 bloques de hormigón de 20 toneladas, equivalentes a 35.207 metros cúbicos de hormigón.",,,Playas,Naturaleza y Monumentos,,Puerto de la Cruz (El),"Acceso a pie,Adaptada (discapacitados),Arena,Aseos,Bar,Duchas,Piedras,Vestuarios,",Accesibilidad,,,,,,,,Negra,Moderado,,,Bajo,Bajo,700 metros,50 metros,,,
Playa de Playa San Juan,Sur,(28.181263, -16.817625700000008),38687,Playa San Juan,,,,,,2014-02-14 11:37:25,Abierto,,,,,Playas,Naturaleza y Monumentos,,Guía de Isora,"Acceso a pie,Acceso en barco,Alquiler Equipo deportivo,Area recreativa,Arena,Aseos,Bandera Azul,Bar,Duchas,Hamacas,Parking,Restaurante,Sombrillas,",Accesibilidad,,,,,,,,Negra,Tranquilo,,,Bajo,Bajo,,,,,
Playa Abama,Sur,(28.1709783, -16.796781399999986),38687,"Crta. General Tf 47, Playa San Juan (Hotel Abama)",,,,,,2014-02-14 11:31:42,,,,,,Playas,Naturaleza y Monumentos,,Guía de Isora,"Acceso a pie,Arena,Arena fina,Aseos,Duchas,Hamacas,Restaurante,Sombrillas,",,,,,,,,,Dorada,Tranquilo,,,Bajo,Bajo,,,,,
Playa de Alcalá,Sur,(28.2026563, -16.828296799999976),38686,Alcalá,,,,,,2014-02-14 11:32:12,,,,,,Playas,Naturaleza y Monumentos,,Guía de Isora,"Acceso a pie,Arena,Callaos,",,,,,,,,,Negra,Tranquilo,,,Bajo,Bajo,,,,,
Playa de las Teresitas,Metropolitana,(28.508522359508084, -16.187152862548828),38003,San Andrés,,,,,,2012-05-06 13:11:38,Abierto,,"Situada en el pueblo de San Andrés. Hasta su transformación estaba dividida en tres partes bien diferenciadas que poseían nombres distintos: Tras la Arena que era la parte inicial, Los Moros, en el medio y por último la zona comprendida por el barranco de Las Teresas. Sobre la playa de arena negra, se echó arena blanca traída del desierto del Sáhara, y se construyó un dique rompeolas para evitar el oleaje.",,,Playas,Naturaleza y Monumentos,,Santa Cruz de Tenerife,"Adaptada (discapacitados),Area recreativa,Arena fina,Aseos,Chiringuitos,Dique,Duchas,Hamacas,Parking,Policia,Restaurante,Socorrismo,",,,,,,,,,Dorada,Tranquilo,,,Bajo,Bajo,1.300 metros,80 metros,,,
Playa de Martiánez,Norte,(28.41778677597734, -16.54163360595703),38400,Avda. de Colón,,,,,,2013-03-09 13:44:16,,,"Es la zona más tradicional de baño del Puerto de la Cruz y centro del boom turístico que experimentó la ciudad en la década de los 60 del siglo XX. También llamada La Barranquera, por ser la desembocadura del barranco de Martiánez, es una playa natural de arena negra volcánica, protegida en parte por una escollera artificial. La denominación de este lugar emblemático de la ciudad es una derivación popular del nombre del propietario original de estos terrenos costeros: Martín Yanes. En 1768 se construyó en medio de la playa la batería de San Carlos, que desapareció con el gran aluvión de 1826. En 1769 se proyectó hacer aquí un gran puerto, pero la idea se frustró por la falta de ayuda institucional. Entre 1912 y 1936 existió frente a la playa el 'Thermal Palace', un curioso centro de recreo promocionado por Guillermo y Gustavo Wildpret. Era una edificio de madera desmontable dotado de un sinfín de instalaciones y servicios (comedor, sala de billares, gimnasio, biblioteca, salones de baños, canchas de tenis, croquet y bolos, algunas habitaciones y, 'Petit Park'). El salón de teatro, de estilo regio, tenía capacidad para 400 personas y estaba brillantemente decorado por el prestigioso acuarelista tinerfeño Francisco Bonnín. El pueblo disfrutaba allí de actuaciones, funciones y torneos deportivos, sobre todo en las fiestas de San Juan y las del Gran Poder de Dios. Ya desaparecido este importante centro de ocio, en los años 40 se crearon las antiguas piscinas de Martiánez bajo las ordenes del Mando Económico. En la actualidad, en uno de los extremos del paseo que recorre la playa, está emplazado un busto en memoria de Isidoro Luz Carpenter, en cuya etapa como alcalde se produjo el gran despegue turístico del Puerto de la Cruz.",,,Playas,Naturaleza y Monumentos,,Puerto de la Cruz (El),"Arena,Dique,",,,,,,,,,Negra,Moderado,,,Bajo,Bajo,,,,,
Costa del Silencio,Sur,(28.007443, -16.645134600000005),38630,Costa del Silencio,,,,,,2014-06-24 14:54:40,,,"A escasos kilómetros de Las Galletas se encuentra el núcleo turístico de Costa del Silencio, lugar donde se construyeron los primeros asentamientos turísticos del sur de la isla.  Tal y como su nombre indica, Costa del Silencio nos muestra una naturaleza costera distinta al resto del litoral del municipio de Arona. La orografía volcánica de la isla de Tenerife, ha conferido a este lugar una sucesión de pequeñas calas y enclaves aptos para el baño. Existe en este lugar un pequeño paseo que recorre el litoral, desde el que se disponen varios accesos para disfrutar de un baño en mar abierto. Haciendo honor a su nombre, esta es una de las zonas de baño más apacibles del municipio de Arona, aunque mayormente aptas para adultos dada la escasez de arena y zonas de descanso. El litoral de Costa del Silencio ofrece a sus visitantes la quietud y transparencia del Atlántico, sin duda alguna, un baño relajante en aguas cristalinas. CARACTERÍSTICAS  Grado de ocupación: Bajo. Ubicación física: Costa del Silencio. Descendiendo escaleras del pequeño paseo. Proximidad al núcleo turístico: Sí. Accesos a la playa Para peatones. Tipo de playa: Mar abierto. Condiciones de baño: Aguas tranquilas. Morfología: Fondo rocoso, gran profundidad.  SERVICIOS PRESTADOS • Solarium • Escaleras de acceso a solarium • Escaleras de acceso al mar  OFICINA DE INFORMACIÓN TURÍSTICAMÁS CERCANA Oficina de Información Turística Playa de Las Galletas Tel: 922 730 133 ","Just a few kilometres away from Las Galletas is the tourist destination Costa del Silencio, where the first tourist resorts in the south of the island were built. Just as its name implies, the nature of the coastline at Costa del Silencio is different from that of the rest of Arona. Tenerife’s volcanic relief has bestowed a series of small coves to this place and spots suitable for bathing. There is a little walkway that runs along the coastline with various accesses to enjoy bathing in open waters. True to its name, this is one of the most peaceful bathing areas in the municipality of Arona, although more suitable for adults given the lack of sand and resting areas. The coastline of Costa del Silencio offers its visitors the stillness and transparency of the Atlantic, without doubt a relaxing swim in crystal clear waters. CHARACTERISTICS Occupancy rates: Low Physical location: Costa del Silencio. Descending the steps from the walkway. Proximity to tourist area: Yes Access to the beach: For pedestrians. Type of beach: Open sea. Swimming conditions: Calm water. Morphology: Rocky bottom, great depth SERVICES AVAILABLE • Solarium • Access stairs to the solarium • Access stairs to the sea NEAREST TOURIST INFORMATION OFFICE Playa de Las Galletas Tourist Information Office Tel: 922 730 133 ","Wenige Kilometer von Las Galletas entfernt befindet sich der Touristenort Costa del Silencio. Hier wurden die ersten touristischen Siedlungen im Süden der Insel gebaut.  Wie sein Name vermuten lässt, weist Costa del Silencio (= Küste der Stille) eine andere Art der Küste auf als der restliche Küstenabschnitt des Gemeindebezirks Arona. Die vulkanische Orografie der Insel Teneriffa hat dieser Gegend eine Abfolge von kleinen Buchten und zum Baden geeigneten Orten verliehen. Hier gibt es eine kleine Strandpromenade entlang der Küste, von der aus mehrere Zugänge ans Meer führen, um ein Bad auf offenem Meer zu genießen.   Dieser Ort, der seinem Namen alle Ehre macht, ist einer der friedlichsten Badebereiche des Gemeindebezirks Arona, wenn auch wegen des Mangels an Sand und Liegebereichen hauptsächlich für Erwachsene geeignet. Der Küstenabschnitt Costa del Silencio bietet seinen Besuchern die Stille und Transparenz des Atlantiks - zweifelsfrei ein entspannendes Badeerlebnis in kristallklarem Wasser. MERKMALSBESCHREIBUNG Auslastungsgrad: Niedrig. Physischer Standort: Costa del Silencio. Treppenabgang von der kleinen Promenade.  Nähe zu touristischem Ortskern:  Ja. Zugänge zum Strand Für Fußgänger. Art des Strandes: Offenes Meer. Badebedingungen: Ruhiges Wasser. Morphologie: Felsiger Meeresgrund, sehr tief. DIENSTLEISTUNGEN •    Solarium •    Treppenzugang zum Solarium •    Treppenzugang zum Meer   NÄCHSTGELEGENES TOURISMUSINFORMATIONSBÜRO  Tourismusinformationsbüro Playa de Las Galletas Tel: 922 730 133 ",Playas,Naturaleza y Monumentos,,Arona,"Acceso a pie,",,,,,,,,,Negra,Tranquilo,,,Bajo,Bajo,,,"A escasos Kilómetros de Las Galletas en dirección Costa del Silencio. Frente a Urbanización Maravilla. En transporte público: Líneas 115 desde Santa Cruz, 467 y 470 desde Los Cristianos-Playa de Las Américas y Golf del Sur. ","A few kilometres from Las Galletas direction Costa del Silencio. Opposite Urbanización Maravilla. By public transport services: Numbers 115 from Santa Cruz, 467 and 470 from Los Cristianos-Playa de LasAméricas and Golf del Sur. ","Wenige Kilometer in Richtung Costa del Silencio von Las Galletas entfernt. Gegenüber der Wohnsiedlung Urbanización Maravilla. Mit öffentlichem Linienverkehr: Linie 115 von Santa Cruz, Linien 467 und 470 von Los Cristianos - Playa de Las Américas und Golf del Sur "
Piscina Marina el Castillo ,,(28.555605203798958, -16.344953253865242),38250,Bajamar , 922  54 24 50 / 680 97 94 11,,http://www.aytolalaguna.es,,,2014-06-27 12:53:27,Abierto,,"Este complejo con bandera azul ,tiene dos piscinas largas de agua de mar, una para niños y una pequeña playa, Playa de San Juan. de arena protegida por un rompeolas . Servicios que se ofrecen: -Socorrismo y primeros auxilios -Accesos fáciles y seguros - Análisis y Limpieza del agua -Mantenimiento y limpieza -Baños y baños para discapacitados -Duchas y vestuarios -Contenedores de reciclaje  -Bar restaurante -Silla anfibias para discapacitados -zona de aparatos deportivos  -zona de juego para niños -zona de descanso para discapacitados -parking para discapacitados ","This complex has two large pools, an paddling  pool and small sandy beach, San Juan beach, which is protected bya break water. The services offered are: Rescue an first aid Safe an easy access Clean tested water Maintenance and cleanness Toilets and disabled toilets showers and changing rooms Beach whell chair recycling bins Bar restaurant Playground lifeguard timetable  from June to september from 11.00 to 20.00 rest of the year  from 11.00 to 18.00","Diese Badeanlage beinhaltet zwei grosse Naturschwimmbecken,ein Kinderbecken und einen kleinen Sanstrand, playa San Juan, der durch Wellenbrecher gesschützt ist. Bieten folgende Leistungen: -Rettungsdienst und Erste Hilfe -Zugangwege und --Zugänge für Behinderte -Wasserquälität regelmässig untersucht -Reinigung und Wartungsdienst -Sanitäranlagen und behindertengerechte Sanitäranlagen -Duschen und Umkleidekabinen -Müllrecycling -Bar-restaurant -Baderollstuhl -Spielplatz Wasserrettungdienst: Juni bis September von 10.30 bis 20.00 Uhr Rest des Jahres von 11.00 bis 18.00",Playas,Naturaleza y Monumentos,buzondelciudadano@aytolalaguna.es,San Cristóbal de la Laguna,"Acceso a pie,Adaptada (discapacitados),Arena,Aseos,Bandera Azul,Bar,Dique,Duchas,Restaurante,Sillas anfibias,Socorrismo,Vestuarios,Vigilante,",Accesibilidad,,,,,,,,Gris,Tranquilo,,,Bajo,Bajo,,,,,
Piscina Marina El Arenisco,,(28.5690222, -16.324538899999993),38240,Punta del Hidalgo ,922 54 24 50,,http://www.aytolalaguna.es,,,2014-06-27 12:46:57,Abierto,,"Fue la Primera Piscina Natural en Europa en poseer la Bandera Azul. Fue otorgado en reconocimiento  al cuidado del medio ambiente , enfatizando en : La calidad del agua de baño, la accesibilidad y seguridad, los servicios y facilidades ,además de la información y las actividades educativas en el entorno","It was the first natural pool at the European level that posssessed the Blue Flag awarded  by the Foundation for Enviromental Education. This award is in recognition of the environmental management performed in this environment: the quality of bathing water, accesibilityan security, services  and facilities, as well as  information and environmental  education activities. The services offered are -Rescue and first aid -Safe and easy acces -Clean tested water -Maintenance and clanness -Toilets and disabled toilets -Showers and changing rooms -Recycling bins -Bar restauran -Beach wheel chair  Lifeguard timetable From June to September : From 11.00 to 20.00 Rest of the year : from 11.00 to 18.00","El Arenisco war das erste Naturschwimmbad mir einer Blauen Flagge. Sie wurde von der "" Stiftung für Umwelterziehung"" in Anerkennung des Umwelt-Managements vergeben, das hieran den Tag gelegt wird: Die Qualität des Badewassers, die Zugänglichkeit und Sicherheit, die Dienstleistungen un Alagen sowie der Info-Service und die Aktivitäten zur Umwelterziehung. Die Naturschwimmbecken ist für Behinderte zugänglich. Bieten folgende  Leistungeng  -Rettungsdienst und Erste hilfe -Zugangwege und Zugänge für Behinderte -Wasserquälitet regelmässsig untersucht -Reinigung und Wartungsdienst -Sanitäranlagen un benindertengerechte -Duschen und Umkleidekabinen Sanitäranlagen -Müllrecycling -Bar Restaurant -Baderollstuhl Wasserrettungsdienst: Juni bis September von 10.30 bis 20.00 Rest des Jahres von  11.00 bis 18.00",Playas,Naturaleza y Monumentos,buzondelciudadano@aytolalaguna.es,San Cristóbal de la Laguna,"Acceso a pie,Adaptada (discapacitados),Aseos,Bandera Azul,Bar,Duchas,",Accesibilidad,,,,,,,,Negra,Tranquilo,,,Bajo,Bajo,,,,,
Piscina Natural Jover,,(28.5478015, -16.369661199999996),38290,Jover,922 54 24 50,,http://www.aytolalaguna.es,,,2014-06-27 13:18:18,Abierto,,Es una pequeña piscina de agua del mar con una atmósfera familiar y magnificas vistas  de los acantilados de la costa de La Laguna Servicios que ofrece: -Socorrismo y primeros auxilios -analisis y limpieza del agua -Mantenimiento y limpieza -Contenedores de reciclaje -Bar y restaurantes -Baños y baños equipados para discapacitados durante la temporada de baño,It´s a small pool of local and family atmosphere with magnificient views of the sea cliffs of La Laguna´s coastline The services offered are: - Rescue and first aid -Clean tested  water -Maintenance and cleanness -Recycling bins -Bar restaurant Toilets and toilet equipped for use during swimming season,"Es ist ein Kleines Meerwasser- Naturschwimmbecken in einer serhr freundlichen und lokalen Atmosphäre, mit herrlichem Ausblick auf die Steilküste von La Laguna. Bieten folgende Leisungen -Rettungsdienst und Erste Hilfe -Wasserqualität reagelmässig untersucht -Reinigung und Wartungsdienst -Müllrecycling -Bar Restaurant -In der Badesaison sind die Toileten fúr behinderte zugänglich",Playas,Naturaleza y Monumentos,buzondelciudadano@aytolalaguna.es,San Cristóbal de la Laguna,"Aseos,Bar,Restaurante,Socorrismo,",,,,,,,,,Negra,Tranquilo,,,Bajo,Bajo,,,,,
Piscinas naturales Caletón (del),Isla Baja,(28.37314440464114, -16.765213161706924),38450,Avda. Tome Cano.,,,,,,2014-07-16 10:05:32,Abierto,," Fruto de la erupción volcánica de 1.706, cuyas lavas sepultaron para siempre el viejo puerto se formó de manera caprichosa el brazo del mar conocido como El Caletón, con sus distintos “charcos”( Las Viejas, Los Niños, Los Chorros,…) que constituyen un conjunto de piscinas naturales, con aceptables condiciones para el baño y un excelente paseo marítimo.",,,Playas,Naturaleza y Monumentos,,Garachico,,,,,,,,,,Negra,Moderado,,,Bajo,Bajo,,,,,
